AreaM2,Type,Location,DurationDays,MaterialQuantity,LaborHours
2684.042,Residencial,Bogota,260,3465.724,552.737
2907.279,Industrial,Bogota,370,5666.463,822.95
2039.718,Comercial,Medellin,139,3035.466,386.625
3263.055,Industrial,Medellin,90,4906.543,815.551
3271.161,Industrial,Bogota,347,6201.544,1040.089
2781.118,Industrial,Bogota,39,4461.097,701.247
3290.523,Residencial,Cali,390,4549.325,671.972
626.257,Residencial,Bogota,379,933.68,132.887
1026.095,Remodelacion,Medellin,318,1090.007,234.241
2432.078,Industrial,Bogota,213,4660.498,683.594
901.137,Residencial,Medellin,143,998.609,179.067
316.289,Comercial,Bogota,386,574.378,80.478
2015.901,Residencial,Rural,25,1794.319,287.55
2628.677,Residencial,Rural,447,3274.122,503.31
2479.843,Residencial,Medellin,85,2812.179,483.332
2145.83,Comercial,Medellin,437,3853.86,549.037
111.969,Remodelacion,Rural,173,105.013,21.341
443.961,Comercial,Medellin,377,717.966,97.632
890.094,Industrial,Cali,474,1808.65,260.664
2869.775,Comercial,Cali,475,5117.063,622.345
1404.541,Remodelacion,Bogota,121,1435.621,306.304
891.931,Industrial,Cali,63,1464.242,187.584
455.664,Comercial,Medellin,365,815.955,96.903
201.864,Remodelacion,Rural,129,190.165,43.028
1143.007,Industrial,Barranquilla,307,1892.16,280.219
760.774,Residencial,Medellin,449,1169.775,179.572
571.147,Remodelacion,Bogota,155,626.059,141.475
2859.982,Residencial,Cali,200,3606.474,535.373
1415.63,Remodelacion,Cali,269,1598.743,354.445
543.798,Residencial,Bogota,103,718.674,112.494
1636.878,Industrial,Cali,77,2679.595,410.4
3566.011,Residencial,Medellin,269,4676.454,791.884
3295.556,Industrial,Medellin,176,5632.271,881.576
1014.793,Remodelacion,Barranquilla,107,913.297,202.864
3340.293,Industrial,Bogota,213,6498.582,984.936
3122.918,Remodelacion,Rural,234,3127.268,721.985
654.259,Industrial,Medellin,311,1209.165,184.767
475.242,Remodelacion,Medellin,259,535.237,108.796
2135.767,Remodelacion,Cali,111,2179.452,420.075
255.783,Residencial,Medellin,98,285.714,45.282
3532.376,Comercial,Medellin,228,5779.035,800.721
3997.372,Comercial,Rural,163,5031.184,810.059
2386.451,Industrial,Medellin,459,4468.221,692.562
3526.755,Comercial,Rural,425,5800.648,680.796
1217.97,Industrial,Bogota,429,2525.306,386.252
2634.148,Remodelacion,Medellin,452,3327.952,640.983
1386.276,Industrial,Bogota,335,2775.649,394.227
1398.472,Residencial,Barranquilla,316,1777.922,266.323
2672.517,Residencial,Bogota,407,3834.141,682.649
1427.969,Residencial,Cali,181,1584.629,250.516
2588.243,Residencial,Rural,102,2703.731,397.908
2580.003,Industrial,Rural,183,3951.527,565.447
1734.115,Residencial,Barranquilla,275,2128.948,346.729
1666.064,Industrial,Rural,340,2633.091,388.073
2177.718,Remodelacion,Barranquilla,165,2140.749,499.735
1825.269,Remodelacion,Cali,415,1938.331,455.525
1700.917,Residencial,Cali,206,1867.49,352.277
1864.021,Comercial,Cali,348,2983.949,385.716
782.024,Remodelacion,Cali,437,970.901,200.787
861.391,Remodelacion,Rural,311,869.108,202.623
2037.531,Comercial,Bogota,70,3274.542,446.528
3680.739,Industrial,Bogota,193,6348.313,972.477
468.991,Residencial,Barranquilla,29,467.609,85.456
3314.553,Remodelacion,Medellin,295,3465.155,870.715
1178.685,Industrial,Bogota,20,1971.298,265.531
2138,Remodelacion,Cali,351,2515.596,544.546
3563.13,Comercial,Cali,415,6288.729,886.734
3768.211,Remodelacion,Barranquilla,61,3571.797,842.711
3396.882,Residencial,Barranquilla,464,4839.249,767.42
1794.905,Remodelacion,Bogota,144,2034.245,424.736
2316.188,Remodelacion,Rural,47,2040.375,426.74
3405.506,Comercial,Bogota,468,6147.179,968.438
2066.569,Remodelacion,Bogota,274,2475.994,520.444
549.013,Residencial,Barranquilla,73,556.496,94.13
1550.836,Industrial,Rural,346,2480.193,413.781
1944.039,Industrial,Cali,40,2810.493,469.177
3709.872,Remodelacion,Rural,164,3206.981,740.641
3328.844,Remodelacion,Bogota,401,4155.12,991.152
3141.203,Remodelacion,Medellin,423,3539.352,851.898
2468.53,Comercial,Barranquilla,228,3763.929,489.597
1490.57,Residencial,Bogota,70,1798.19,290.443
1428.926,Comercial,Barranquilla,90,1978.467,289.238
1435.56,Remodelacion,Rural,175,1259.233,280.888
1658.653,Industrial,Bogota,85,3025.803,413.165
2986.436,Industrial,Cali,438,5644.812,884.745
476.863,Comercial,Medellin,333,854.02,101.764
1203.285,Industrial,Medellin,269,2160.989,350.114
641.278,Industrial,Medellin,238,1138.958,161.49
2657.24,Comercial,Bogota,242,4153.404,578.814
719.318,Residencial,Medellin,354,952.277,165.339
174.748,Comercial,Bogota,416,301.989,41.894
2298.762,Industrial,Rural,416,3676.354,585.36
3614.948,Remodelacion,Bogota,77,4019.987,812.181
525.101,Comercial,Bogota,89,770.563,105.684
2607.805,Industrial,Cali,56,3954.594,617.327
3543.932,Industrial,Medellin,244,6298.973,841.351
3790.167,Comercial,Cali,69,5504.331,784.092
1860.522,Remodelacion,Medellin,301,2102.216,433.243
222.54,Residencial,Medellin,441,321.295,45.529
3255.679,Remodelacion,Bogota,426,3959.814,903.678
2911.311,Comercial,Bogota,85,4777.315,624.962
856.529,Comercial,Medellin,38,1126.435,175.392
2849.709,Residencial,Medellin,123,3450.141,530.937
3696.023,Residencial,Bogota,135,4312.009,740.162
1971.712,Remodelacion,Rural,139,1799.232,405.05
3378.691,Residencial,Bogota,98,4079.661,655.963
2774.371,Comercial,Rural,367,4094.391,537.571
3268.904,Residencial,Rural,267,3524.439,596.375
2931.13,Industrial,Bogota,362,6376.678,812.036
1501.035,Comercial,Cali,342,2488.032,303.775
2068.232,Remodelacion,Barranquilla,359,2143.947,462.318
2488.699,Industrial,Barranquilla,457,4739.827,668.005
2511.977,Residencial,Barranquilla,424,3304.278,474.117
2377.956,Remodelacion,Barranquilla,192,2355.784,483.934
1733.943,Residencial,Bogota,435,2739.847,443.35
3823.826,Remodelacion,Barranquilla,395,4075.334,935.088
1720.606,Residencial,Rural,367,2201.106,335.759
3827.008,Remodelacion,Bogota,397,4509.026,1127.422
2181.198,Comercial,Bogota,218,3397.777,527.736
1015.904,Residencial,Cali,320,1258.629,188.489
77.556,Industrial,Barranquilla,352,149.601,20.461
2849.969,Remodelacion,Rural,100,2447.864,543.132
897.619,Remodelacion,Bogota,62,904.37,218.84
174.309,Industrial,Rural,163,253.151,36.939
3495.827,Industrial,Rural,461,6248.06,827.389
198.77,Remodelacion,Barranquilla,347,223.495,45.02
3732.215,Residencial,Barranquilla,253,4214.94,685.942
3468.125,Comercial,Bogota,331,5881.846,817.53
2690.66,Residencial,Barranquilla,325,3445.245,555.427
500.745,Industrial,Medellin,215,922.258,128.289
2673.01,Industrial,Medellin,397,4884.442,784.573
2386.326,Industrial,Bogota,401,4673.189,675.56
3878.846,Industrial,Cali,328,6910.045,1123.265
1132.358,Residencial,Medellin,297,1432.639,230.358
1564.261,Comercial,Bogota,49,2362.126,300.285
3414.034,Industrial,Medellin,162,6075.201,830.407
310.619,Residencial,Medellin,182,353.86,62.956
774.232,Remodelacion,Rural,265,766.743,152.753
850.669,Comercial,Medellin,182,1224.54,187.718
675.885,Residencial,Cali,400,894.467,149.314
2127.434,Industrial,Rural,39,3130.436,449.089
3209.309,Industrial,Barranquilla,82,4929.658,709.978
3076.591,Remodelacion,Bogota,297,3597.101,805.769
1688.685,Remodelacion,Barranquilla,49,1602.207,320.579
3177.072,Comercial,Medellin,355,5074.286,787.352
3608.49,Residencial,Barranquilla,237,4527.599,691.046
3183.033,Residencial,Rural,178,3535.656,493.223
1646.194,Residencial,Rural,412,2052.163,300.222
2186.323,Industrial,Barranquilla,24,3130.136,484.624
337.469,Comercial,Barranquilla,372,522.867,75.106
1189.296,Residencial,Cali,435,1552.359,247.01
3177.51,Comercial,Bogota,275,5735.373,727.25
2363.253,Residencial,Bogota,317,3417.207,556.804
1225.784,Remodelacion,Rural,82,995.44,242.127
577.358,Remodelacion,Rural,31,468.642,105.655
3542.166,Residencial,Rural,196,3561.979,631.034
2117.154,Industrial,Rural,244,3073.784,467.122
530.097,Remodelacion,Barranquilla,190,515.487,113.632
1882.339,Comercial,Rural,425,2898.197,387.028
2283.054,Residencial,Rural,443,2976.874,433.397
2127.17,Remodelacion,Rural,359,2217.437,506.983
1545.51,Residencial,Bogota,229,1942.539,305.918
3815.328,Remodelacion,Rural,305,3458.971,787.261
3370.388,Remodelacion,Cali,247,3537.935,858.485
2237.14,Residencial,Cali,287,2945.79,479.077
3129.864,Industrial,Barranquilla,246,5641.056,742.2
1598.089,Comercial,Medellin,464,3097.453,373.434
1297.851,Residencial,Medellin,319,1839.12,280.113
1742.954,Remodelacion,Bogota,333,1967.023,422.783
3499.539,Residencial,Medellin,448,4735.155,808.066
912.817,Remodelacion,Medellin,75,907.509,201.163
1690.595,Comercial,Rural,290,2316.983,345.827
3550.568,Remodelacion,Barranquilla,135,3199.666,769.986
2636.421,Remodelacion,Bogota,437,3192.945,803.73
3032.927,Residencial,Cali,358,4035.799,676.973
361.914,Comercial,Medellin,316,622.384,78.092
3337.874,Residencial,Medellin,385,4400.638,718.068
3204.508,Remodelacion,Barranquilla,258,3445.412,693.143
920.738,Industrial,Rural,324,1453.928,211.249
2396.716,Comercial,Barranquilla,257,3538.346,512.342
3963.152,Industrial,Rural,447,6960.093,1064.965
1696.389,Residencial,Bogota,289,2322.318,407.95
873.187,Remodelacion,Barranquilla,298,860.636,197.148
621.357,Residencial,Medellin,167,752.729,131.781
296.924,Comercial,Bogota,446,522.259,76.54
2190.05,Comercial,Rural,370,3447.459,460.284
2510.49,Remodelacion,Medellin,460,2865.578,683.969
336.543,Industrial,Medellin,425,658.057,94.959
2447.25,Remodelacion,Medellin,175,2474.256,526.807
1107.817,Industrial,Bogota,410,2439.67,308.289
2323.136,Comercial,Bogota,340,3846.615,529.976
604.395,Comercial,Bogota,73,984.608,122.642
3886.659,Residencial,Bogota,365,5404.451,953.931
3158.921,Residencial,Rural,375,3694.463,546.055
931.047,Residencial,Rural,345,1100.789,161.038
1565.369,Remodelacion,Bogota,136,1646.952,387.484
1469.669,Comercial,Cali,68,2079.826,255.427
1440.429,Comercial,Bogota,465,2699.753,355.545
3953.61,Industrial,Cali,154,5940.451,982.122
488.838,Remodelacion,Bogota,80,502.823,122.422
639.846,Comercial,Rural,446,1038.838,130.021
943.441,Industrial,Rural,264,1465.018,235.563
1148.173,Industrial,Cali,466,2198.987,344.989
244.995,Comercial,Rural,373,381.32,55.834
2837.354,Residencial,Barranquilla,171,3059.482,526.308
1756.997,Residencial,Rural,368,2260.892,318.663
194.762,Comercial,Barranquilla,388,329.277,45.18
1507.522,Comercial,Bogota,277,2392.584,353.001
959.569,Residencial,Medellin,179,1089.95,175.755
3999.159,Comercial,Barranquilla,474,6519.139,965.149
1981.143,Remodelacion,Cali,126,1785.763,402.232
3833.579,Industrial,Barranquilla,86,6210.414,952.214
295.485,Comercial,Cali,107,406.696,55.589
3371.497,Residencial,Bogota,174,4077.687,764.271
790.222,Residencial,Bogota,339,1175.385,180.51
2347.419,Residencial,Medellin,77,2593.556,459.456
301.575,Residencial,Medellin,466,441.227,67.773
2615.753,Residencial,Medellin,202,3119.107,548.333
2790.374,Remodelacion,Rural,230,2475.232,538.273
2223.956,Residencial,Rural,290,2362.884,363.878
59.812,Comercial,Barranquilla,92,82.058,12.358
3134.461,Remodelacion,Rural,332,2942.028,663.591
3605.335,Remodelacion,Cali,294,3970.838,776.296
3126.404,Remodelacion,Rural,169,3055.242,694.693
2347.732,Residencial,Rural,82,2388.609,353.489
180.885,Comercial,Bogota,181,315.473,39.878
2899.515,Comercial,Cali,174,4315.612,576.041
3545.716,Residencial,Barranquilla,355,4574.958,682.359
2134.263,Remodelacion,Cali,386,2525.298,507.209
832.192,Industrial,Medellin,396,1633.543,232.471
3894.567,Industrial,Medellin,381,7661.448,1125.25
657.204,Industrial,Rural,114,1001.806,132.093
1931.057,Comercial,Bogota,235,3211.011,496.913
1063.625,Remodelacion,Cali,309,1167.157,262.07
2758.797,Residencial,Barranquilla,412,3438.703,547.151
326,Remodelacion,Rural,63,269.04,68.401
3891.754,Residencial,Medellin,41,4376.51,629.501
1505.143,Comercial,Bogota,147,2321.065,327.272
300.628,Industrial,Medellin,149,507.606,77.971
3467.386,Comercial,Bogota,364,5876.509,853.026
3879.569,Comercial,Medellin,305,6002.992,970.445
1125.759,Comercial,Bogota,117,1752.063,239.46
2450.142,Residencial,Medellin,277,3046.729,480.053
2158.735,Comercial,Rural,162,2991.277,395.359
212.349,Remodelacion,Medellin,110,201.121,43.015
3710.041,Residencial,Bogota,467,5304.072,849.354
2457.674,Industrial,Bogota,71,3825.688,675.197
1155.377,Remodelacion,Medellin,433,1427.079,297.862
1780.928,Comercial,Bogota,369,3086.975,464.895
1929.589,Industrial,Cali,470,3798.626,527.867
2502.408,Residencial,Bogota,49,2875.808,458.4
1375.474,Industrial,Bogota,25,2416.183,338.808
391.152,Comercial,Cali,475,629.395,101.827
743.457,Residencial,Bogota,20,902.721,152.09
3721.544,Residencial,Bogota,164,4777.25,750.606
3019.004,Industrial,Bogota,411,6277.954,994.127
3120.541,Residencial,Cali,464,4363.433,613.637
858.127,Comercial,Medellin,286,1433.003,205.634
1136.789,Comercial,Barranquilla,289,1832.909,240.144
915.57,Industrial,Medellin,126,1420.578,207.256
1079.9,Residencial,Bogota,351,1493.354,235.892
1363.436,Residencial,Rural,244,1450.795,256.283
1462.129,Residencial,Cali,57,1657.077,246.201
2286.457,Comercial,Cali,119,2986.054,410.002
3130.909,Residencial,Rural,361,3818.568,632.85
2413.466,Industrial,Bogota,228,4665.397,671.859
3584.021,Comercial,Bogota,37,5072.086,740.876
3441.312,Remodelacion,Medellin,400,3883.565,917.013
3395.37,Residencial,Rural,477,4438.229,714.815
2491.079,Residencial,Rural,81,2680.01,369.715
1973.277,Industrial,Barranquilla,48,3095.021,450.874
2900.571,Remodelacion,Cali,41,2507.033,578.233
659.965,Industrial,Bogota,50,1075.478,156.402
2929.888,Remodelacion,Rural,130,2748.623,583.234
211.015,Industrial,Rural,158,329.038,47.788
2221.875,Remodelacion,Cali,55,2057.046,478.505
3291.483,Remodelacion,Rural,301,3024.976,694.84
354.744,Remodelacion,Rural,257,357.357,70.342
2724.647,Industrial,Barranquilla,360,4816.554,785.059
634.683,Residencial,Barranquilla,75,629.429,104.96
3141.037,Comercial,Bogota,411,5835.368,795.146
3061.394,Residencial,Rural,229,3246.211,544.308
1393.01,Residencial,Rural,305,1523.899,233.978
2160.639,Industrial,Barranquilla,364,3963.775,543.609
3873.701,Remodelacion,Medellin,276,4547.46,913.713
3809.356,Industrial,Barranquilla,305,6972.515,1007.873
1019.357,Residencial,Medellin,262,1360.067,217.862
633.165,Residencial,Medellin,78,710.131,111.137
582.911,Industrial,Bogota,299,1154.319,166.922
2079.574,Residencial,Barranquilla,383,2867.387,440.43
314.898,Residencial,Bogota,334,448.703,71.394
3134.748,Industrial,Medellin,96,4961.735,820.353
3146.757,Residencial,Barranquilla,24,3315.733,516.96
3898.953,Remodelacion,Cali,52,3528.797,796.683
870.684,Comercial,Bogota,152,1299.869,206.614
3536.915,Comercial,Medellin,307,5780.73,817.594
2428.701,Comercial,Barranquilla,370,3818.387,561.407
3980.138,Remodelacion,Bogota,92,4359.931,954.4
2881.102,Industrial,Cali,204,5048.578,645.6
1105.556,Residencial,Barranquilla,368,1417.734,208.821
1734.098,Comercial,Barranquilla,248,2512.36,393.572
2359.828,Residencial,Cali,123,2629.569,396.091
2719.09,Residencial,Cali,358,3309.632,553.531
982.415,Residencial,Cali,269,1231.799,196.825
1446.507,Comercial,Barranquilla,158,2004.638,285.994
3060.997,Remodelacion,Rural,279,2885.608,709.38
273.331,Comercial,Barranquilla,131,385.467,55.436
117.988,Comercial,Bogota,161,195.89,27.131
2209.975,Industrial,Rural,175,3316.576,481.998
2550.82,Remodelacion,Rural,27,1979.122,507.763
1110.318,Comercial,Rural,65,1371.106,197.841
565.899,Residencial,Rural,315,677.175,105.646
3046.17,Remodelacion,Cali,416,3504.405,708.533
2011.756,Residencial,Barranquilla,38,2192.957,362.073
2137.469,Comercial,Medellin,285,3711.732,478.6
3721.928,Residencial,Medellin,428,5644.607,788.09
3428.284,Remodelacion,Bogota,268,3784.114,913.076
2910.788,Remodelacion,Rural,179,2684.135,599.659
3753.396,Remodelacion,Medellin,408,4463.071,906.214
204.113,Residencial,Cali,472,286.942,40.282
956.223,Industrial,Bogota,218,1839.713,269.78
915.464,Remodelacion,Bogota,109,888.205,222.712
210.929,Remodelacion,Rural,87,175.544,43.892
3859.202,Residencial,Rural,390,4791.646,686.258
353.082,Residencial,Cali,140,426.22,67.735
3026.486,Remodelacion,Medellin,478,3612.71,842.038
1731.764,Comercial,Bogota,122,2544.088,397.365
2009.91,Industrial,Barranquilla,373,3810.03,537.639
899.746,Remodelacion,Rural,335,831.286,195.925
780.33,Comercial,Rural,32,925.21,138.164
469.368,Remodelacion,Bogota,150,503.12,106.263
1001.254,Residencial,Barranquilla,139,1162.051,162.413
2623.077,Industrial,Bogota,84,4338.063,721.125
1574.807,Comercial,Medellin,463,2622.947,424.732
3300.89,Residencial,Rural,465,4384.11,703.632
2801.581,Comercial,Rural,280,3745.295,519.087
2729.067,Residencial,Medellin,311,3616.526,598.067
3649.992,Remodelacion,Bogota,432,4319.787,987.847
1334.106,Residencial,Bogota,30,1601.846,229.824
1403.341,Residencial,Rural,55,1376.789,217.564
1159.313,Comercial,Medellin,373,2001.389,264.508
340.916,Residencial,Barranquilla,430,451.748,65.479
2387.273,Remodelacion,Barranquilla,263,2282.159,504.574
3100.41,Remodelacion,Bogota,283,3725.684,856.94
3048.241,Industrial,Barranquilla,435,5450.346,908.214
1030.83,Industrial,Barranquilla,448,1896.454,268.554
2082.027,Residencial,Medellin,414,3062.262,498.138
2614.38,Comercial,Cali,32,3437.115,532.019
1037.155,Remodelacion,Bogota,401,1263.371,291.171
1364.13,Industrial,Barranquilla,238,2099.858,362.02
2238.619,Residencial,Rural,324,2677.761,443.162
1380.379,Industrial,Cali,266,2205.205,380.709
2758.28,Remodelacion,Bogota,61,3003.462,602.165
737.395,Industrial,Medellin,424,1487.753,207.571
3493.413,Comercial,Medellin,121,5202.377,742.567
2481.343,Residencial,Bogota,255,3266.627,550.648
349.614,Remodelacion,Barranquilla,353,391.014,88.944
1934.811,Industrial,Rural,105,2608.155,403.064
1718.568,Residencial,Barranquilla,216,1958.093,307.461
2573.48,Industrial,Cali,232,4569.809,608.153
2262.842,Residencial,Bogota,372,3514.702,567.287
3100.389,Residencial,Barranquilla,232,3398.075,636.29
1660.927,Comercial,Bogota,240,2751.882,424.78
2417.548,Industrial,Medellin,437,5023.318,677.413
3399.565,Residencial,Barranquilla,414,4760.588,722.959
526.141,Industrial,Medellin,285,905.962,142.692
2815.192,Industrial,Barranquilla,402,5102.898,825.508
3114.621,Remodelacion,Medellin,414,3418.905,877.98
961.725,Residencial,Medellin,290,1326.252,182.647
3762.198,Industrial,Medellin,348,7576.961,1087.38
944.111,Remodelacion,Medellin,474,1130.188,250.769
2935.686,Remodelacion,Medellin,237,3290.922,732.868
580.582,Remodelacion,Medellin,162,559.606,143.034
500.824,Remodelacion,Bogota,432,653.397,147.79
1412.593,Industrial,Barranquilla,64,2155.435,316.079
1013.835,Remodelacion,Barranquilla,50,925.308,207.189
2677.05,Remodelacion,Barranquilla,406,2815.072,621.926
2251.674,Remodelacion,Medellin,291,2476.569,512.147
3331.575,Industrial,Cali,245,5788.552,911.772
2250.898,Comercial,Medellin,292,3754.767,542.169
2562.47,Industrial,Bogota,377,5007.004,809.546
3567.904,Residencial,Bogota,375,5322.145,792.771
869.139,Comercial,Rural,474,1345.442,204.028
1326.429,Remodelacion,Bogota,325,1537.702,320.917
3954.446,Remodelacion,Medellin,419,4722.753,996.678
862.954,Residencial,Bogota,397,1213.183,199.842
3948.184,Remodelacion,Cali,293,4355.892,919.789
3703.231,Residencial,Rural,102,3640.913,583.998
282.83,Industrial,Rural,216,417.939,69.054
2870.255,Remodelacion,Medellin,107,2967.393,638.375
1629.736,Residencial,Cali,433,2241.953,352.803
800.969,Comercial,Bogota,191,1203.847,185.516
1339.82,Industrial,Bogota,345,2791.594,370.563
120.692,Remodelacion,Cali,51,115.993,27.366
1113.591,Remodelacion,Rural,142,928.034,211.581
523.76,Remodelacion,Rural,50,416.423,103.259
3272.262,Residencial,Cali,211,4220.669,671.711
1006.293,Industrial,Cali,223,1589.053,252.445
3318.056,Residencial,Medellin,94,3621.398,673.147
3960.379,Comercial,Medellin,308,6654.074,958.206
3051.081,Remodelacion,Medellin,408,3472.009,754.377
2264.808,Comercial,Cali,193,3560.002,489.648
2863.225,Industrial,Rural,290,4835.074,623.521
1481.955,Remodelacion,Barranquilla,146,1404.631,294.656
3982.536,Remodelacion,Barranquilla,25,3276.219,859.312
1864.114,Residencial,Cali,347,2479.25,347.656
2442.171,Comercial,Cali,189,3822.178,539.195
3974.543,Comercial,Bogota,260,6718.035,957.12
656.524,Comercial,Cali,66,859.572,134.116
416.225,Comercial,Cali,104,613.835,78.596
2317.615,Industrial,Bogota,333,4926.884,703.913
1266.058,Residencial,Rural,371,1638.7,235.847
2712.096,Remodelacion,Rural,411,2733.789,689.16
3934.942,Comercial,Cali,49,5596.186,777.582
1416.907,Comercial,Rural,298,2078.705,265.209
2286.924,Comercial,Cali,90,3312.032,432.165
2602.902,Comercial,Cali,210,3711.677,539.158
2462.743,Comercial,Cali,59,3296.606,450.723
3384.626,Residencial,Medellin,251,4103.888,667.001
3100.27,Industrial,Barranquilla,255,5094.338,779.425
3096.423,Industrial,Medellin,379,5660.51,879.132
3504.068,Industrial,Medellin,305,6146.371,1036.052
1836.156,Industrial,Medellin,50,2853.665,427.426
1045.765,Comercial,Rural,325,1594.041,207.087
3860.03,Residencial,Medellin,99,4378.325,685.302
2559.561,Residencial,Rural,469,3320.042,508.649
283.204,Remodelacion,Bogota,416,342.446,85.997
269.791,Residencial,Bogota,127,313.969,55.621
487.184,Industrial,Bogota,125,821.164,116.176
2494.738,Residencial,Rural,26,2536.308,361.368
1362.014,Industrial,Bogota,444,3112.008,383.94
3969.605,Comercial,Rural,367,5477.83,844.323
1100.197,Comercial,Bogota,34,1647.35,231.902
1343.641,Industrial,Bogota,292,2430.044,397.473
921.164,Comercial,Rural,437,1402.468,199.4
2268.143,Residencial,Bogota,49,2711.391,436.082
3059.352,Residencial,Medellin,467,4224.609,699.455
2825.707,Comercial,Barranquilla,220,4476.128,625.808
103.991,Industrial,Cali,206,178.777,23.55
492.738,Industrial,Barranquilla,234,847.51,122.991
783.52,Residencial,Bogota,200,979.057,178.911
2443.29,Residencial,Rural,270,2666.456,436.059
1213.478,Comercial,Cali,224,1943.734,266.255
3891.97,Remodelacion,Cali,26,3722.942,842.399
168.597,Residencial,Medellin,446,257.311,39.763
3468.631,Comercial,Cali,325,5809.2,718.881
1825.632,Comercial,Bogota,363,3478.688,481.37
3991.635,Comercial,Medellin,34,5174.531,757.14
2409.782,Industrial,Rural,453,4237.831,667.863
549.053,Residencial,Bogota,181,696.867,103.153
2368.352,Industrial,Medellin,57,3833.164,610.361
170.425,Industrial,Cali,172,300.6,41.924
2152.842,Residencial,Rural,338,2342.865,393.789
1814.601,Residencial,Bogota,38,2084.723,330.585
3728.772,Remodelacion,Rural,260,3589.361,816.923
3848.489,Residencial,Rural,80,3653.686,577.926
2013.195,Remodelacion,Barranquilla,179,2125.235,441.113
3028.603,Comercial,Barranquilla,147,4204.051,572.561
3818.744,Comercial,Bogota,378,7421.042,937.367
3952.862,Industrial,Medellin,470,7535.24,1218.959
710.38,Industrial,Bogota,461,1488.381,238.381
2505.387,Comercial,Bogota,392,4383.06,586.686
2502.637,Residencial,Bogota,283,3340.67,499.532
2411.79,Industrial,Cali,265,4222.258,564.901
1838.414,Residencial,Bogota,294,2411.939,413.525
3200.569,Industrial,Barranquilla,38,4451.387,701.712
1521.691,Remodelacion,Rural,381,1601.583,312.731
828.729,Residencial,Medellin,45,872.982,157.988
1426.45,Comercial,Medellin,153,2095.102,300.117
980.645,Industrial,Rural,22,1325.938,186.353
2795.322,Residencial,Medellin,230,3239.808,577.812
1353.588,Industrial,Rural,258,2028.718,313.326
671.81,Remodelacion,Bogota,255,755.746,171.18
3403.086,Comercial,Bogota,202,5371.045,819.923
1405.744,Industrial,Bogota,145,2618.12,373.949
2192.216,Comercial,Medellin,348,3451.945,525.693
2985.694,Industrial,Bogota,283,5985.346,861.963
3504.664,Remodelacion,Medellin,375,3837.486,917.966
1989.841,Industrial,Medellin,258,3366.753,483.41
663.346,Comercial,Barranquilla,265,943.462,140.377
2148.803,Residencial,Barranquilla,197,2690.087,424.31
832.762,Comercial,Barranquilla,191,1258.21,172.336
1182.785,Comercial,Barranquilla,228,1759.551,241.061
2048.582,Industrial,Medellin,284,3892.908,501.007
984.501,Residencial,Medellin,103,1151.678,193.774
3405.036,Residencial,Barranquilla,310,3929.893,692.347
3178.574,Comercial,Rural,200,4363.826,626.723
3362.89,Residencial,Rural,346,3811.51,675.717
1746.554,Industrial,Barranquilla,187,2612.753,421.862
530.12,Remodelacion,Medellin,345,572.178,147.127
2465.354,Residencial,Rural,451,3107.986,490.55
3851.031,Industrial,Medellin,24,6074.551,805.511
2244.319,Residencial,Rural,339,2748.017,431.069
488.505,Industrial,Barranquilla,174,815.716,124.355
73.003,Comercial,Bogota,61,109.628,14.224
1563.34,Residencial,Medellin,437,2314.228,351.018
3179.224,Remodelacion,Cali,205,3349.033,734.357
2582.994,Comercial,Bogota,364,4907.889,701.392
2179.318,Comercial,Medellin,304,3633.799,509.59
639.119,Comercial,Medellin,38,946.885,114.226
1510.674,Remodelacion,Bogota,91,1604.221,361.991
2757.254,Industrial,Medellin,225,5149.849,761.826
285.913,Industrial,Barranquilla,123,457.834,63.83
3229.358,Comercial,Barranquilla,146,4582.288,585.636
3435.917,Remodelacion,Cali,355,3963.528,847.034
1164.519,Remodelacion,Rural,277,1041.884,270.655
1697.141,Comercial,Barranquilla,236,2351.183,329.225
2304.043,Residencial,Cali,199,2761.029,469.092
3329.837,Remodelacion,Cali,451,3726.419,889.236
1450.892,Residencial,Medellin,54,1574.693,281.119
353.367,Remodelacion,Rural,404,347.752,75.803
3440.781,Industrial,Barranquilla,438,6767.144,883.592
2153.276,Comercial,Medellin,260,3558.493,476.495
2204.956,Comercial,Medellin,301,3847.24,536.371
3665.131,Comercial,Cali,161,5060.232,811.53
2213.841,Comercial,Bogota,450,4131.567,533.825
1085.748,Industrial,Rural,194,1652.402,221.456
831.824,Remodelacion,Bogota,194,911.661,224.867
1882.791,Remodelacion,Medellin,420,2257.068,530.65
2600.269,Comercial,Bogota,49,4129.326,583.6
2532.542,Industrial,Medellin,363,4714.744,699.87
96.156,Industrial,Rural,64,128.534,21.865
2098.284,Residencial,Rural,93,2095.799,374.1
2849.042,Industrial,Rural,304,4864.406,659.098
2171.823,Industrial,Rural,185,3160.298,525.086
215.601,Residencial,Rural,74,224.288,38.031
3017.591,Comercial,Cali,322,4720.703,711.608
3821.108,Comercial,Cali,216,5596.01,780.311
3580.281,Comercial,Bogota,57,5230.6,742.152
3500.114,Residencial,Barranquilla,448,4492.025,765.103
2602.243,Industrial,Medellin,29,3727.147,548.867
638.494,Comercial,Cali,459,1085.795,165.747
1693.232,Residencial,Bogota,81,2114.034,329.358
3166.724,Residencial,Medellin,228,3955.052,670.235
3473.615,Remodelacion,Rural,217,3107.256,762.316
1111.618,Remodelacion,Medellin,423,1224.488,306.623
2017.013,Remodelacion,Medellin,260,2116.696,535.453
3780.917,Remodelacion,Bogota,65,3968.075,844.116
887.491,Industrial,Medellin,129,1381.625,200.345
1430.226,Residencial,Bogota,252,1833.495,282.382
854.72,Industrial,Bogota,331,1751.551,253.632
2851.448,Industrial,Bogota,232,5466.412,825.978
637.862,Comercial,Rural,195,864.272,121.632
2896.588,Remodelacion,Medellin,271,3028.563,710.518
1594.686,Residencial,Barranquilla,89,1737.251,295.559
2090.841,Remodelacion,Barranquilla,127,1919.077,451.786
3168.429,Comercial,Medellin,247,4941.872,649.706
1054.692,Remodelacion,Bogota,303,1170.821,300.898
1070.552,Remodelacion,Barranquilla,325,1195.506,249.028
3141.842,Industrial,Cali,320,5425.379,848.719
3638.535,Industrial,Bogota,124,6829.145,975.115
3810.549,Remodelacion,Rural,150,3456.615,729.142
1114.875,Residencial,Medellin,102,1248.514,205.713
1615.613,Remodelacion,Rural,389,1770.945,374.178
559.729,Remodelacion,Medellin,200,582.596,136.178
206.834,Residencial,Rural,298,241.551,40.161
466.139,Residencial,Rural,234,530.334,76.636
3701.658,Remodelacion,Medellin,223,3870.803,893.952
53.322,Industrial,Medellin,42,79.778,12.456
2810.912,Residencial,Barranquilla,230,3121.82,486.742
1732.651,Industrial,Cali,154,2683.521,411.769
1053.92,Industrial,Barranquilla,274,1675.961,252.02
2615.214,Remodelacion,Bogota,379,3444.86,780.735
739.84,Industrial,Cali,321,1300.622,207.608
1180.827,Remodelacion,Rural,240,1189.331,249.317
660.078,Industrial,Rural,351,1016.899,147.957
2810.122,Industrial,Barranquilla,445,5022.099,803.902
3651.921,Comercial,Cali,69,4899.916,680.537
1582.825,Remodelacion,Medellin,369,1771.336,400.252
2511.091,Remodelacion,Bogota,305,2752.239,632.992
2300.519,Remodelacion,Barranquilla,95,2094.129,475.154
1326.825,Remodelacion,Rural,24,1016.966,236.059
717.363,Comercial,Cali,360,1218.07,176.687
1277.131,Residencial,Cali,277,1486.336,276.507
1028.419,Comercial,Medellin,263,1542.906,219.29
3738.676,Residencial,Barranquilla,247,4380.572,698.8
3846.227,Industrial,Bogota,72,6804.441,966.818
1733.417,Comercial,Rural,471,2789.449,342.878
3604.164,Remodelacion,Bogota,127,3724.253,925.025
2601.543,Residencial,Barranquilla,376,3589.202,582.297
226.641,Remodelacion,Rural,308,208.153,44.864
2490.283,Industrial,Rural,64,3617.986,569.279
3523.966,Residencial,Medellin,79,3784.151,673.674
636.457,Comercial,Rural,178,869.587,112.715
975.552,Industrial,Barranquilla,389,1879.005,251.675
2883.827,Residencial,Rural,47,2634.673,501.089
2560.206,Remodelacion,Medellin,402,2958.561,725.876
532.15,Remodelacion,Bogota,35,520.672,112.004
1713.302,Industrial,Rural,470,3103.973,455.063
773.9,Industrial,Bogota,304,1490.002,217.078
952.425,Remodelacion,Rural,277,903.378,209.804
677.833,Remodelacion,Bogota,210,760.962,165.425
1645.879,Comercial,Rural,434,2445.542,376.375
459.682,Residencial,Medellin,325,600.065,93.245
1874.176,Industrial,Cali,106,3110.853,425.283
3286.632,Residencial,Cali,446,4579.69,712.896
347.815,Industrial,Cali,255,634.171,88.759
3894.848,Residencial,Bogota,271,5409,813.84
2964.045,Comercial,Cali,175,4343.164,570.475
147.938,Industrial,Cali,251,237.55,38.471
158.555,Remodelacion,Rural,375,164.757,35.872
3691.016,Comercial,Barranquilla,185,5602.443,770.386
1631.803,Industrial,Medellin,394,3258.042,449.548
1229.933,Remodelacion,Bogota,138,1310.186,303.646
3518.279,Comercial,Cali,122,5289.403,635.715
485.912,Industrial,Cali,380,896.848,141.83
2361.857,Residencial,Cali,274,2995.485,427.48
2356.78,Comercial,Cali,402,4218.842,590.67
3416.023,Residencial,Rural,48,3195.963,506.376
1918.046,Remodelacion,Cali,184,2039.251,398.355
3872.642,Industrial,Cali,335,6702.801,971.523
753.509,Industrial,Bogota,220,1342.521,206.832
3822.412,Industrial,Medellin,52,6159.172,820.142
529.604,Residencial,Cali,290,651.135,109.075
656.05,Residencial,Medellin,155,762.956,130.994
1516.777,Residencial,Medellin,159,1849.031,316.235
2071.355,Remodelacion,Bogota,120,2250.82,479.239
3223.959,Comercial,Rural,198,4095.298,606.71
3540.895,Comercial,Bogota,228,5666.708,885.004
2285.621,Comercial,Medellin,432,4056.219,523.065
3485.655,Remodelacion,Medellin,206,3413.785,907.159
755.857,Industrial,Bogota,189,1393.872,215.529
3743.115,Remodelacion,Medellin,124,3910.698,922.916
2798.451,Remodelacion,Rural,444,2933.656,711.821
2439.468,Remodelacion,Rural,232,2383.057,484.749
2405.953,Industrial,Medellin,452,4694.867,736.663
68.022,Comercial,Medellin,474,117.133,16.772
1183.784,Industrial,Rural,171,1771.917,252.761
1807.787,Comercial,Cali,191,2542.384,393.974
1025.545,Remodelacion,Cali,205,1089.016,216.874
50.31,Industrial,Rural,460,92.731,14.062
1621.506,Remodelacion,Cali,312,1673.989,381.995
2416.522,Industrial,Cali,244,4219.455,656.915
266.396,Comercial,Cali,327,394.027,58.097
2457.647,Residencial,Cali,301,3200.462,481.153
1168.859,Industrial,Barranquilla,117,1948.849,268.445
2177.752,Comercial,Barranquilla,437,3893.752,505.036
3076.843,Remodelacion,Bogota,116,3398.933,735.799
812.434,Remodelacion,Medellin,288,877.059,201.782
2971.386,Comercial,Barranquilla,259,4378.869,632.059
2108.115,Remodelacion,Medellin,93,2014.324,478.745
3147.357,Comercial,Barranquilla,55,4469.352,567.862
614.371,Residencial,Medellin,423,919.44,127.523
1121,Comercial,Cali,446,1895.746,287.711
371.117,Industrial,Medellin,55,580.445,89.876
3128.492,Residencial,Rural,113,3152.181,478.137
911.24,Industrial,Cali,253,1547.661,225.373
3076.703,Residencial,Rural,26,2947.144,451.663
728.488,Remodelacion,Cali,250,728.117,185.136
403.662,Industrial,Medellin,191,646.435,105.661
1448.079,Industrial,Rural,54,1935.458,324.95
1278.985,Remodelacion,Barranquilla,114,1229.257,260.249
2980.201,Remodelacion,Rural,51,2358.167,544.751
494.15,Residencial,Medellin,49,588.008,90.995
884.977,Comercial,Barranquilla,39,1087.312,174.19
3086.607,Remodelacion,Cali,394,3301.024,809.636
1878.26,Industrial,Rural,427,3364.858,474.201
1723.673,Remodelacion,Medellin,84,1746.775,379.055
3873.818,Residencial,Cali,54,4021.97,607.644
1547.588,Comercial,Rural,162,2168.727,260.478
639.006,Comercial,Rural,471,1003.714,148.267
3052.93,Remodelacion,Barranquilla,138,2955.982,652.597
1926.831,Residencial,Medellin,375,2696.789,451.192
1628.7,Residencial,Cali,156,1754.119,275.856
1421.929,Industrial,Cali,262,2431.052,387.748
3661.548,Residencial,Rural,388,4609.029,688.551
2648.614,Comercial,Cali,202,3864.238,588.474
3456.063,Industrial,Cali,466,6811.084,882.796
2556.668,Industrial,Barranquilla,419,5053.741,730.958
2016.625,Remodelacion,Bogota,364,2535.912,578.689
905.575,Residencial,Cali,368,1159.666,185.33
2554.918,Industrial,Cali,452,4616.511,671.839
1623.497,Residencial,Barranquilla,337,2032.556,315.253
2667.726,Comercial,Bogota,278,4884.288,681.895
846.807,Residencial,Medellin,40,910.832,163.285
948.34,Remodelacion,Rural,384,925.419,201.323
1353.321,Residencial,Medellin,466,1896.587,330.579
2150.822,Industrial,Cali,231,3630.05,581.681
406.213,Remodelacion,Cali,403,431.769,97.464
2580.455,Industrial,Medellin,330,4862.146,678.032
842.342,Industrial,Medellin,303,1601.246,213.931
1540.584,Industrial,Rural,271,2389.727,347.398
3993.418,Industrial,Bogota,101,6372.207,964.909
1332.904,Industrial,Cali,177,2343.697,323.291
1836.047,Comercial,Rural,278,2467.31,365.532
3223.231,Industrial,Cali,50,5069.114,763.198
2205.24,Remodelacion,Rural,154,1843.979,478.181
333.584,Industrial,Cali,64,535.233,74.323
855.772,Comercial,Barranquilla,87,1130.516,174.015
2898.152,Remodelacion,Barranquilla,425,3098.823,698.445
1536.335,Remodelacion,Cali,162,1574.265,355.264
3110.323,Remodelacion,Rural,158,2853.075,581.404
864.938,Residencial,Barranquilla,349,1061.067,170.393
188.578,Comercial,Cali,218,276.752,41.128
3556.013,Industrial,Medellin,362,6598.908,1070.032
443.076,Industrial,Barranquilla,329,833.12,109.078
1637.991,Remodelacion,Rural,366,1620.426,400.878
1893.429,Remodelacion,Rural,259,1938.535,390.321
608.846,Residencial,Cali,128,729.092,117.421
3027.193,Remodelacion,Cali,374,3348.22,690.905
1571.301,Residencial,Cali,28,1586.367,294.345
1452.717,Industrial,Bogota,204,2598.763,396.214
2420.155,Comercial,Bogota,321,4593.514,588.198
3409.326,Comercial,Barranquilla,479,5926.55,776.947
1273.184,Remodelacion,Rural,456,1454.032,329.449
3207.881,Industrial,Medellin,349,5929.99,849.237
1296.867,Comercial,Barranquilla,420,2033.339,290.909
790.46,Industrial,Barranquilla,62,1204.151,178.375
3071.583,Residencial,Rural,26,3171.74,437.356
1483.59,Comercial,Cali,134,2182.665,287.661
604.071,Comercial,Barranquilla,91,833.462,120.086
654.537,Remodelacion,Rural,365,648.874,148.467
2975.643,Remodelacion,Medellin,167,3208.681,738.092
2584.318,Residencial,Medellin,140,2914.627,522.412
3932.713,Remodelacion,Barranquilla,154,3694.992,935.683
3426.021,Residencial,Barranquilla,192,4117.949,665.345
3130.51,Residencial,Bogota,28,3928.971,622.984
2574.944,Residencial,Barranquilla,237,2958.955,530.537
3391.882,Residencial,Cali,285,4317.295,670.177
428.821,Remodelacion,Medellin,388,476.329,118.601
3855.585,Remodelacion,Cali,452,4793.777,950.41
3071.941,Comercial,Medellin,228,4853.015,711.248
2857.788,Industrial,Medellin,241,5163.525,697.094
246.86,Industrial,Cali,376,451.959,64.042
1620.31,Comercial,Cali,139,2232.817,348.593
2131.457,Remodelacion,Rural,171,1793.583,398.002
897.927,Industrial,Bogota,248,1757.833,271.135
2750.174,Comercial,Cali,390,4838.765,693.115
847.258,Industrial,Medellin,46,1375.772,204.534
1220.726,Residencial,Cali,123,1389.899,226.491
3214.714,Industrial,Bogota,207,6343.804,888.74
3636.997,Comercial,Cali,116,4926.798,783.105
223.265,Industrial,Rural,299,336.745,48.162
3211.58,Industrial,Cali,242,5093.56,834.26
2359.854,Comercial,Medellin,113,3184.16,521.385
2625.925,Remodelacion,Bogota,251,3121.817,637.266
3275.841,Comercial,Cali,454,5998.112,774.635
1656.53,Remodelacion,Medellin,175,1576.561,361.684
3425.844,Industrial,Bogota,189,6184.789,1009.108
852.029,Comercial,Cali,217,1345.248,177.345
1346.349,Industrial,Medellin,344,2558.343,354.362
3047.666,Industrial,Rural,298,5145.302,767.255
2337.91,Remodelacion,Barranquilla,447,2492.432,539.278
1249.641,Residencial,Cali,37,1301.754,208.449
3079.232,Comercial,Cali,119,4201.954,597.64
2999.902,Comercial,Cali,28,4050.42,530.861
553.607,Industrial,Cali,57,849.414,124.638
1354.055,Residencial,Rural,150,1489.669,230.793
1022.489,Comercial,Medellin,200,1482.441,224.356
3961.318,Comercial,Medellin,25,5824.478,738.558
2832.15,Industrial,Medellin,241,5306.74,725.704
1461.531,Industrial,Medellin,251,2730.111,374.084
2485.209,Residencial,Barranquilla,478,3511.749,489.221
1782.271,Comercial,Cali,479,3341.663,386.797
572.62,Comercial,Medellin,424,931.068,134.058
3357.445,Residencial,Barranquilla,98,3591.039,533.517
894.601,Remodelacion,Medellin,248,1032.319,204.651
1326.875,Industrial,Cali,420,2622.094,395.043
3622.182,Remodelacion,Cali,137,3555.802,786.911
3097.392,Industrial,Cali,125,4791.832,731.22
585.159,Comercial,Cali,444,1028.52,143.126
2437.846,Comercial,Rural,312,3698.849,527.043
2841.019,Remodelacion,Cali,145,2848.296,590.855
2171.77,Comercial,Cali,188,3446.047,407.391
2936.724,Industrial,Cali,163,4695.91,731.772
1842.196,Remodelacion,Cali,428,2077.695,465.62
2769.902,Comercial,Bogota,388,4893.701,679.349
219.238,Comercial,Medellin,357,374.298,52.8
3579.778,Comercial,Bogota,184,5999.433,748.555
3697.908,Remodelacion,Cali,250,3661.612,791.106
562.816,Comercial,Bogota,103,824.04,129.849
1422.973,Remodelacion,Cali,73,1341.151,286.767
594.34,Industrial,Bogota,135,1019.093,162.366
3293.164,Remodelacion,Bogota,442,4179.783,1011.853
2551.781,Residencial,Medellin,214,3413.427,514.086
3763.412,Residencial,Medellin,478,5598.397,932.98
1138.995,Remodelacion,Bogota,213,1259.074,301.3
189.549,Remodelacion,Rural,371,184.836,46.912
356.667,Industrial,Cali,387,681.795,90.835
230.24,Residencial,Rural,89,234.409,34.25
1997.998,Remodelacion,Rural,21,1552.422,365.84
253.482,Residencial,Bogota,33,320.968,47.77
2478.639,Comercial,Barranquilla,160,3735.725,508.81
3932.737,Remodelacion,Rural,178,3488.606,772.661
570.544,Residencial,Cali,29,648.979,96.941
409.654,Residencial,Medellin,23,480.292,72.066
3502.033,Residencial,Barranquilla,260,4377.421,614.012
3529.478,Residencial,Barranquilla,477,4580.896,721.287
2335.786,Industrial,Medellin,128,3649.455,593.603
825.019,Residencial,Cali,278,1088.843,147.632
3535.81,Residencial,Bogota,303,5290.761,835.91
592.503,Industrial,Cali,91,908.608,146.486
175.754,Comercial,Bogota,392,321.535,42.855
2388.936,Residencial,Rural,127,2451.925,372.943
511.866,Remodelacion,Rural,313,530.771,119.015
3488.026,Comercial,Bogota,282,6158.055,868.683
3499.995,Comercial,Bogota,412,6879.661,912.987
3211.005,Comercial,Medellin,245,4850.043,740.795
2084.44,Comercial,Barranquilla,156,3175.068,434.126
321.239,Industrial,Cali,477,626.745,83.383
3542.109,Industrial,Barranquilla,342,6076.899,851.189
2709.651,Comercial,Rural,243,4039.927,495.846
725.645,Industrial,Medellin,197,1238.105,167.2
3564.801,Industrial,Barranquilla,137,5250.541,817.307
393.062,Industrial,Medellin,223,688.848,111.674
361.263,Remodelacion,Barranquilla,37,345.627,71.089
3110.362,Residencial,Bogota,109,4049.812,647.747
3541.529,Residencial,Cali,243,4060.985,648.879
1769.46,Industrial,Medellin,285,3016.19,507.913
1705.569,Industrial,Medellin,193,2986.042,452.365
3104.047,Residencial,Rural,402,3736.622,543.441
1747.59,Residencial,Barranquilla,451,2398.574,356.777
3508.186,Industrial,Rural,442,6011.266,820.155
3873.271,Industrial,Cali,73,5464.425,942.091
3102.313,Industrial,Barranquilla,434,5911.984,817.744
3885.406,Comercial,Cali,217,5759.731,830.23
3093.107,Residencial,Barranquilla,201,3350.304,630.355
1848.708,Industrial,Bogota,426,4007.051,555.139
235.926,Industrial,Medellin,153,390.002,52.92
1053.706,Industrial,Medellin,90,1575.822,273.102
1153.29,Industrial,Cali,218,2085.431,270.15
3372.774,Comercial,Medellin,126,4683.69,674.079
1864.387,Industrial,Cali,234,3248.726,467.866
2962.284,Remodelacion,Rural,188,2865.669,563.557
347.613,Industrial,Rural,243,514.214,84.18
1456.471,Industrial,Rural,356,2279.339,357.104
1886.166,Residencial,Cali,416,2358.158,379.852
563.88,Remodelacion,Medellin,453,721.146,161.709
1837.189,Remodelacion,Rural,351,1829.99,385.473
406.717,Remodelacion,Barranquilla,205,394.744,86.946
928.843,Comercial,Medellin,255,1570.799,208.116
1318.406,Industrial,Cali,32,1806.432,302.302
3888.416,Remodelacion,Rural,272,3589.792,760.166
3054.099,Residencial,Rural,89,2853.989,484.285
3062.144,Industrial,Medellin,399,6080.178,815.538
3383.12,Residencial,Barranquilla,134,3863.498,627.715
3933.032,Industrial,Rural,399,6849.594,901.866
1532.564,Comercial,Barranquilla,188,2304.287,313.228
1310.831,Industrial,Barranquilla,317,2348.073,317.601
1748.88,Residencial,Medellin,428,2564.519,366.256
1322.536,Comercial,Bogota,140,1985.192,320.198
3842.549,Industrial,Medellin,94,6264.93,945.459
374.873,Remodelacion,Cali,367,436.519,94.881
2388.509,Comercial,Rural,326,3498.626,446.091
2077.888,Residencial,Cali,229,2641.873,404.475
1458.369,Residencial,Rural,347,1728.709,251.817
55.025,Residencial,Medellin,412,75.756,10.928
1213.461,Residencial,Rural,52,1207.37,200.663
2807.391,Industrial,Medellin,352,5138.125,754.233
1395.228,Industrial,Rural,20,1956.412,310.046
2084.499,Industrial,Rural,332,3595.97,499.627
2971.454,Comercial,Cali,202,4596.752,638.804
1459.291,Industrial,Rural,418,2467.869,355.774
480.138,Comercial,Barranquilla,348,795.765,98.365
1063.489,Industrial,Barranquilla,259,1761.889,283.092
529.592,Residencial,Medellin,138,611.821,108.628
504.85,Industrial,Medellin,253,876.704,124.471
1096.309,Comercial,Rural,316,1560.976,224.21
1463.211,Comercial,Medellin,320,2577.79,323.842
1423.134,Remodelacion,Barranquilla,372,1541.615,323.874
2701.446,Residencial,Bogota,294,3622.22,623.815
1175.383,Residencial,Cali,61,1326.228,215.826
3944.002,Industrial,Bogota,226,7312.706,1078.641
871.359,Industrial,Medellin,132,1363.225,231.149
2232.121,Comercial,Bogota,51,3542.76,475.017
647.282,Comercial,Bogota,107,1055.432,130.349
761.115,Industrial,Bogota,103,1285.537,186.762
626.418,Comercial,Barranquilla,266,975.737,126.856
772.66,Remodelacion,Medellin,154,794.427,188.486
3583.644,Comercial,Bogota,71,5015.816,812.579
2533.94,Residencial,Bogota,420,4052.184,582.166
2227.476,Remodelacion,Barranquilla,23,1889.064,472.629
1721.726,Residencial,Medellin,24,1768.84,329.505
681.814,Residencial,Rural,401,884.151,117.971
745.36,Remodelacion,Barranquilla,200,714.369,162.984
225.385,Residencial,Barranquilla,125,252.514,37.209
313.684,Comercial,Medellin,172,512.259,71.734
2086.103,Residencial,Barranquilla,286,2712.944,407.833
2208.861,Remodelacion,Medellin,98,2325.677,444.956
3975.966,Remodelacion,Medellin,105,4044.418,813.022
2421.021,Residencial,Cali,185,3059.705,426.672
610.917,Residencial,Cali,74,715.882,114.464
2233.876,Remodelacion,Bogota,450,2799.142,663.947
1496.183,Industrial,Rural,142,2312.812,319.675
332.135,Remodelacion,Bogota,298,377.109,92.347
3205.748,Remodelacion,Cali,140,3232.336,749.718
1505.43,Residencial,Medellin,223,1864.918,309.896
240.681,Comercial,Rural,257,344.604,43.609
3955.708,Residencial,Cali,312,5286.896,730.011
344.936,Comercial,Medellin,61,469.227,63.126
324.017,Industrial,Rural,352,523.729,71.89
955.463,Comercial,Bogota,117,1503.573,195.479
1943.322,Remodelacion,Bogota,169,2031.809,471.734
1866.235,Industrial,Medellin,21,2918.005,402.179
1086.929,Residencial,Bogota,246,1395.143,228.381
2054.659,Comercial,Rural,83,2530.982,394.556
2852.861,Comercial,Bogota,430,5174.707,713.753
109.455,Remodelacion,Cali,172,102.637,26.403
3707.825,Remodelacion,Bogota,433,4843.239,1097.83
3295.815,Residencial,Rural,380,3954.438,583.073
3959.316,Industrial,Bogota,343,8192.495,1111.784
1156.642,Comercial,Cali,144,1688.408,251.472
1251.824,Industrial,Medellin,450,2694.727,388.557
2740.323,Remodelacion,Bogota,99,2898.697,640.877
1128.326,Industrial,Barranquilla,87,1661.159,245.182
3897.54,Remodelacion,Rural,458,4445.967,931.451
883.813,Comercial,Bogota,116,1276.394,206.204
1376.29,Industrial,Bogota,127,2452.088,327.783
1815.956,Remodelacion,Bogota,57,1729.506,422.337
613.806,Remodelacion,Bogota,332,733.783,151.803
2544.781,Residencial,Bogota,137,3108.354,533.35
103.542,Comercial,Barranquilla,356,171.459,23.733
3064.948,Comercial,Rural,110,4135.391,599.668
1180.24,Residencial,Bogota,292,1692.346,255.876
881.197,Remodelacion,Rural,178,841.531,165.637
1508.928,Industrial,Rural,473,2718.119,422.251
3153.119,Residencial,Medellin,228,3779.924,596.338
1591.897,Industrial,Bogota,212,2864.576,447.264
2570.852,Remodelacion,Rural,140,2243.952,504.04
313.93,Residencial,Cali,294,366.054,61.284
3446.758,Industrial,Cali,287,5912.113,833.219
3139.677,Remodelacion,Rural,467,3332.911,784.398
2225.354,Remodelacion,Rural,379,2173.507,555.906
1085.681,Remodelacion,Cali,110,1069.155,251.248
438.649,Residencial,Bogota,250,634.004,95.012
1919.807,Residencial,Bogota,459,2975.549,462.985
2781.258,Remodelacion,Medellin,469,3481.851,758.71
2947.383,Industrial,Cali,127,4837.034,704.077
2251.826,Comercial,Rural,230,3029.034,413.162
3314.939,Industrial,Rural,335,5446.155,760.314
217.347,Comercial,Rural,184,291.873,38.683
2842.599,Industrial,Medellin,150,4445.971,690.586
2509.666,Comercial,Bogota,37,3680.555,477.438
1311.695,Remodelacion,Cali,289,1497.648,320.427
2786.588,Residencial,Rural,386,3176.166,576.694
2320.167,Residencial,Medellin,69,2810.571,410.676
2708.401,Comercial,Bogota,165,4369.524,564.061
1287.368,Comercial,Bogota,228,2266.475,273.425
367.63,Remodelacion,Medellin,447,435.556,100.667
3397.407,Comercial,Medellin,129,5141.078,702.83
1464.341,Remodelacion,Cali,163,1493.05,298.664
259.704,Industrial,Medellin,392,491.686,67.292
3474.136,Residencial,Medellin,153,4008.48,687.247
1732.303,Residencial,Bogota,395,2641.304,388.5
2922.229,Industrial,Barranquilla,351,5017.913,759.172
75.371,Comercial,Barranquilla,338,128.011,16.935
2582.659,Residencial,Cali,73,2779.643,437.949
2753.296,Comercial,Cali,73,3501.881,518.216
1093.871,Industrial,Bogota,331,2285.141,314.255
1192.769,Industrial,Bogota,79,2055.664,276.292
1781.55,Comercial,Medellin,428,3290.868,470.452
1521.865,Residencial,Bogota,355,2245.739,329.382
417.962,Comercial,Rural,420,607.206,88.013
3659.679,Industrial,Cali,150,5855.346,911.001
1139.523,Comercial,Barranquilla,151,1583.953,222.498
1683.509,Industrial,Cali,254,2977.12,389.104
262.394,Remodelacion,Cali,249,283.722,65.939
1265.228,Industrial,Rural,446,2247.079,322.606
2344.089,Comercial,Cali,369,3675.427,583.543
1916.177,Residencial,Rural,276,2217.049,342.761
1218.213,Residencial,Barranquilla,312,1474.359,222.543
3377.317,Industrial,Barranquilla,379,6435.656,865.338
3858.382,Comercial,Rural,341,6129.232,856.522
3170.533,Comercial,Barranquilla,80,4412.963,662.697
41.51,Industrial,Medellin,227,67.507,10.804
741.47,Industrial,Bogota,24,1155.902,187.773
480.386,Industrial,Medellin,376,860.084,147.869
3443.317,Remodelacion,Barranquilla,56,3251.227,748.728
423.42,Remodelacion,Bogota,464,574.539,115.849
2854.324,Residencial,Medellin,385,4014.607,637.568
3358.971,Comercial,Cali,74,4673.316,626.599
601.927,Remodelacion,Medellin,121,608.606,130.341
2785.875,Residencial,Medellin,370,3665.223,646.998
1506.619,Remodelacion,Rural,248,1398.525,305.349
1361.147,Residencial,Barranquilla,449,1774.398,260.428
1095.305,Comercial,Bogota,279,2020.284,273.243
1775.438,Industrial,Bogota,155,3396.118,503.14
2348.935,Remodelacion,Bogota,427,2887.461,696.803
3956.742,Remodelacion,Rural,241,3699.685,874.806
3190.553,Comercial,Bogota,155,5325.916,700.855
2329.944,Residencial,Barranquilla,104,2738.131,390.808
1056.509,Residencial,Bogota,284,1420.188,232.78
2830.387,Residencial,Rural,30,2928.105,441.524
308.131,Comercial,Rural,472,524.046,65.334
584.182,Remodelacion,Rural,171,552.132,121.553
2629.323,Residencial,Rural,390,3304.159,524.743
758.921,Comercial,Rural,443,1210.63,151.959
2699.602,Comercial,Barranquilla,187,4074.334,530.702
2901.127,Remodelacion,Cali,278,2938.859,664.535
1830.008,Industrial,Medellin,161,2860.406,427.127
1528.116,Remodelacion,Medellin,242,1756.117,345.082
2313.717,Remodelacion,Medellin,140,2463.34,529.109
2221.053,Residencial,Rural,385,2609.114,425.632
2907.401,Remodelacion,Bogota,270,3448.294,833.438
698.559,Residencial,Rural,305,789.296,118.064
1860.656,Remodelacion,Medellin,368,2172.218,498.588
3143.881,Residencial,Cali,225,3970.345,648.843
3952.877,Comercial,Rural,441,5689.592,779.345
2071.928,Industrial,Medellin,358,3986.185,548.865
659.827,Remodelacion,Medellin,187,666.388,164.687
1065.744,Remodelacion,Cali,129,1078.573,254.242
657.975,Remodelacion,Barranquilla,75,553.982,126.205
184.161,Comercial,Rural,80,233.278,30.403
278.007,Comercial,Bogota,407,483.436,74.079
3354.351,Industrial,Medellin,59,5370.011,824.243
1542.156,Comercial,Rural,325,2143.113,334.466
1355.799,Industrial,Barranquilla,465,2685.661,353.626
1908.953,Comercial,Barranquilla,94,2679.32,352.779
1156.319,Residencial,Medellin,99,1295.024,195.939
2999.484,Comercial,Rural,410,4532.718,582.34
2702.572,Residencial,Bogota,430,4219.24,648.75
1024.047,Comercial,Bogota,89,1640.41,234.999
1966.668,Residencial,Cali,417,2599.031,434.561
228.941,Industrial,Bogota,474,517.352,72.73
1765.483,Residencial,Bogota,392,2771.888,430.397
3959.036,Comercial,Medellin,288,6234.559,931.02
126.614,Industrial,Barranquilla,45,198.91,26.968
877.694,Residencial,Medellin,235,1140.054,165.686
2293.94,Remodelacion,Bogota,80,2484.225,562.471
224.372,Industrial,Medellin,305,410.259,61.061
1917.282,Comercial,Cali,169,2642.139,377.813
1859.797,Remodelacion,Barranquilla,391,2175.346,484.262
287.395,Remodelacion,Barranquilla,344,324.029,71.465
1408.097,Remodelacion,Cali,436,1564.439,327.543
2886.915,Remodelacion,Barranquilla,305,3065.561,695.31
1700.509,Comercial,Bogota,73,2605.321,362.132
3469.681,Remodelacion,Rural,440,3392.364,860.869
1685.392,Remodelacion,Bogota,139,1685.521,434.225
3847.837,Comercial,Rural,293,5325.562,767.333
93.069,Industrial,Medellin,215,165.056,23.031
2532.611,Remodelacion,Medellin,104,2452.312,558.847
2672.833,Remodelacion,Cali,154,2764.689,637.457
2819.627,Comercial,Rural,359,4199.412,580.391
3961.973,Comercial,Barranquilla,423,6745.842,852.308
2809.429,Remodelacion,Bogota,312,3144.499,675.856
1111.68,Comercial,Medellin,326,1786.13,239.986
1677.185,Residencial,Medellin,298,2230.062,321.017
1600.789,Industrial,Cali,31,2532.132,381.677
2125.573,Comercial,Bogota,352,3783.464,492.617
2057.654,Remodelacion,Bogota,100,2149.655,494.434
1258.968,Residencial,Rural,204,1265.269,213.647
2425,Residencial,Bogota,384,3453.153,531.68
431.871,Comercial,Rural,329,631.594,96.589
2761.563,Industrial,Rural,152,3816.872,643.625
3725.333,Industrial,Bogota,83,6004.837,954.337
3959.036,Residencial,Barranquilla,394,5005.533,823.899
1127.227,Remodelacion,Barranquilla,69,1012.721,249.716
2776.224,Industrial,Rural,399,4838.439,629.681
1144.388,Remodelacion,Medellin,106,1127.985,271.846
2532.245,Residencial,Rural,29,2443.583,394.545
1577.978,Comercial,Rural,304,2390.916,290.937
2053.673,Comercial,Bogota,158,3231.115,460.806
1392.643,Industrial,Medellin,54,2220.889,319.015
3488.308,Residencial,Rural,461,4657.708,664.705
1069.73,Remodelacion,Barranquilla,451,1164.427,258.991
2592.396,Comercial,Cali,100,3737.294,556.794
3920.66,Residencial,Rural,419,4695.999,734.876
3832.682,Remodelacion,Cali,379,4543.836,1034.322
2244.881,Industrial,Cali,271,3681.929,558.209
2209.698,Comercial,Barranquilla,276,3295.907,423.153
1364.353,Industrial,Bogota,394,2884.718,381.302
3855.029,Residencial,Rural,155,3803.522,653.213
1777.549,Residencial,Barranquilla,289,2012.953,372.346
3517.949,Comercial,Rural,406,5286.071,764.055
3415.063,Residencial,Bogota,94,4275.972,644.757
1428.625,Comercial,Barranquilla,449,2418.642,347.804
978.41,Residencial,Medellin,157,1235.063,194.497
225.287,Comercial,Cali,433,359.372,49.172
2299.501,Remodelacion,Cali,354,2620.155,609.374
218.42,Comercial,Bogota,236,394.049,51.868
168.892,Remodelacion,Cali,282,192.095,41.474
3242.562,Industrial,Cali,42,4744.832,780.872
2233.751,Industrial,Barranquilla,146,3687.621,483.11
698.848,Remodelacion,Rural,461,761.007,171.246
3449.047,Industrial,Barranquilla,404,6739.05,840.405
2227.594,Remodelacion,Bogota,372,2652.943,553.163
584.198,Comercial,Medellin,383,938.497,141.816
2724.624,Industrial,Barranquilla,281,4427.142,632.083
898.865,Remodelacion,Barranquilla,53,783.408,165.976
2281.623,Residencial,Medellin,422,3314.948,484.977
3727.502,Remodelacion,Barranquilla,217,3729.835,851.787
2723.226,Remodelacion,Medellin,316,2886.279,658.22
3201.181,Comercial,Rural,199,4190.466,555.881
236.156,Comercial,Cali,314,383.014,48.236
1376.531,Comercial,Cali,99,1824.21,254.077
3228.394,Comercial,Barranquilla,20,4414.088,548.624
3923.444,Residencial,Bogota,34,4911.019,729.171
3164.563,Industrial,Barranquilla,196,4965.53,826.865
608.505,Residencial,Barranquilla,86,693.089,104.171
3475.944,Comercial,Medellin,251,5171.245,697.671
503.987,Industrial,Cali,74,814.439,124.076
2218.931,Remodelacion,Cali,363,2434.208,497.818
193.736,Residencial,Cali,50,220.381,30.586
1947.776,Remodelacion,Medellin,267,1968.074,430.959
1628.94,Industrial,Cali,179,2517.67,401.454
3066.354,Comercial,Bogota,25,4783.793,623.478
3200.721,Industrial,Barranquilla,369,6083.637,840.1
1641.076,Comercial,Barranquilla,368,2474.775,388.511
109.882,Remodelacion,Cali,161,100.019,22.648
3242.402,Industrial,Cali,279,5858.66,778.653
1769.294,Residencial,Barranquilla,458,2579.691,407.457
3499.271,Residencial,Bogota,26,3946.411,620.046
1262.643,Industrial,Bogota,355,2398.595,382.434
1049.803,Industrial,Cali,309,1814.533,264.51
531.077,Comercial,Cali,30,671.761,96.909
3631.197,Residencial,Rural,276,4011.759,671.025
3247.178,Comercial,Cali,404,5774.145,688.137
2820.021,Residencial,Cali,139,3481.142,495.066
100.018,Residencial,Cali,410,130.337,19.315
2487.717,Remodelacion,Rural,174,2377.353,511.357
1929.598,Remodelacion,Rural,374,1850.426,397.606
938.609,Remodelacion,Cali,245,1040.449,226.403
877.58,Comercial,Barranquilla,241,1401.337,176.78
3191.53,Remodelacion,Cali,91,2767.208,630.369
3547.438,Residencial,Rural,424,4699.864,690.836
3024.057,Comercial,Barranquilla,429,4922.156,630.32
1035.906,Remodelacion,Rural,250,912.18,209.683
3588.483,Industrial,Bogota,372,7472.885,1151.285
1281.432,Residencial,Rural,274,1464.739,251.989
302.169,Comercial,Rural,341,473.715,56.35
449.865,Comercial,Rural,428,723.937,95.222
271.2,Comercial,Bogota,353,467.027,74.408
1727.637,Comercial,Rural,116,2136.355,312.164
3865.548,Residencial,Cali,38,4171.971,706.999
2554.501,Residencial,Rural,322,3139.594,427.544
780.021,Industrial,Bogota,409,1596.082,245.311
1766.12,Residencial,Barranquilla,348,2323.509,341.456
3298.422,Industrial,Rural,425,5375.823,790.578
562.407,Remodelacion,Bogota,188,646.8,147.764
2531.189,Residencial,Barranquilla,23,2520.149,427.158
2055.032,Comercial,Cali,32,2749.277,402.047
3801.617,Industrial,Rural,87,5605.665,761.627
2773.72,Comercial,Cali,68,3610.459,586.646
3589.374,Remodelacion,Bogota,337,4370.318,1059.889
3900.775,Remodelacion,Rural,149,3327.394,760.533
3601.844,Comercial,Barranquilla,137,4803.121,682.28
3279.31,Remodelacion,Bogota,126,3735.87,797.278
1416.799,Remodelacion,Bogota,392,1822.199,391.835
1429.317,Industrial,Rural,391,2280.55,354.931
1853.57,Remodelacion,Rural,264,1651.637,415.259
3425.682,Industrial,Medellin,278,5957.866,884.518
1998.079,Comercial,Bogota,70,2912.867,420.546
3706.905,Industrial,Rural,264,5711.783,869.259
3539.4,Residencial,Bogota,176,4897.03,759.16
1972.562,Residencial,Medellin,138,2451.095,365.925
1728.364,Comercial,Barranquilla,173,2426.811,331.292
757.098,Remodelacion,Barranquilla,359,800.216,173.788
1748.184,Residencial,Medellin,214,2309.668,342.5
2727.275,Remodelacion,Cali,175,2775.946,658.233
2284.562,Industrial,Barranquilla,328,3752.212,549.572
140.205,Residencial,Barranquilla,324,181.232,30.575
2729.537,Industrial,Medellin,275,4818.471,734.379
3214.108,Residencial,Rural,438,4270.64,651.903
1836.108,Residencial,Medellin,421,2611.614,434.536
3636.803,Residencial,Barranquilla,413,5009.351,808.636
2117.01,Industrial,Barranquilla,287,3766.299,489.977
2404.292,Remodelacion,Cali,130,2413.113,503.108
654.052,Residencial,Cali,443,900.667,140.364
176.146,Industrial,Barranquilla,43,247.496,35.021
3789.646,Residencial,Barranquilla,375,5100.447,785.509
1454.185,Remodelacion,Rural,216,1253.746,324.914
3382.844,Residencial,Cali,376,4329.069,651.569
536.268,Residencial,Medellin,442,788.408,118.362
1183.954,Remodelacion,Cali,84,1166.298,232.138
1046.153,Comercial,Medellin,343,1796.006,246.791
1688.013,Remodelacion,Bogota,465,2332.194,526.455
1885.103,Industrial,Bogota,360,3556.802,537.418
303.244,Comercial,Medellin,234,510.325,60.13
2751.982,Residencial,Cali,113,3084.472,522.466
195.813,Residencial,Bogota,348,266.459,44.829
2185.604,Residencial,Cali,422,2890.967,462.968
529.846,Residencial,Medellin,205,651.022,114.636
1477.84,Industrial,Rural,129,1999.652,323.031
3068.005,Remodelacion,Cali,155,2780.345,694.024
511.919,Residencial,Medellin,133,646.76,100.08
3669.332,Remodelacion,Cali,265,3671.59,938.436
2923.668,Residencial,Rural,414,3507.905,595.06
2682.583,Comercial,Cali,226,4270.749,615.661
3426.781,Remodelacion,Bogota,223,4162.271,851.519
74.639,Residencial,Bogota,471,119.401,16.674
608.817,Remodelacion,Medellin,328,688.352,159.844
1755.238,Remodelacion,Medellin,468,2152.86,511.088
2640.158,Remodelacion,Cali,379,3025.519,689.808
154.945,Industrial,Medellin,208,264.445,36.772
2084.66,Comercial,Rural,98,2658.884,407.936
3261.757,Industrial,Cali,368,6201.892,870.545
2155.416,Remodelacion,Barranquilla,422,2243.388,485.93
2348.264,Remodelacion,Medellin,142,2483.094,487.111
3758.468,Residencial,Barranquilla,197,4688.48,638.65
3097.594,Industrial,Cali,69,4470.085,638.481
3588.897,Comercial,Medellin,204,5250.646,818.269
1794.369,Remodelacion,Bogota,471,2249.022,531.119
3766.023,Residencial,Barranquilla,186,4578.218,695.474
3319.689,Comercial,Barranquilla,370,5120.461,710.831
1332.622,Comercial,Barranquilla,182,2069.026,295.144
3921.054,Comercial,Rural,379,6370.793,860.193
2824.699,Residencial,Barranquilla,265,3603.263,585.119
3396.475,Remodelacion,Rural,477,3644.452,860.092
1732.798,Comercial,Rural,467,2647.44,408.344
1328.066,Residencial,Bogota,25,1448.39,262.969
3857.981,Residencial,Rural,119,3659.094,678.153
3148.265,Residencial,Bogota,436,4868.933,765.573
3185.125,Comercial,Cali,388,5638.29,698.373
1275.568,Comercial,Rural,20,1640.601,221.908
298.515,Residencial,Bogota,452,450.941,76.035
2878.3,Industrial,Bogota,472,6265.75,941.747
3891.164,Industrial,Rural,94,5265.25,788.387
2500.009,Industrial,Barranquilla,143,3731.916,641.195
1914.668,Industrial,Medellin,370,3776.311,560.599
3007.296,Remodelacion,Bogota,175,3122.204,818.433
2705.104,Remodelacion,Barranquilla,171,2500.427,648.386
2146.833,Remodelacion,Barranquilla,341,2436.052,492.934
1285.437,Residencial,Bogota,341,1802.618,284.142
3306.023,Remodelacion,Rural,94,2833.764,701.584
2508.207,Remodelacion,Rural,190,2202.663,528.526
2268.161,Industrial,Cali,463,4386.674,621.437
2347.465,Comercial,Medellin,380,4181.157,543.027
1070.792,Remodelacion,Barranquilla,451,1216.839,274.027
2472.966,Residencial,Cali,372,3262.435,497.193
683.622,Industrial,Medellin,375,1353.733,181.229
3893.665,Residencial,Cali,74,4014.213,643.981
3218.396,Comercial,Barranquilla,369,4865.499,658.892
296.344,Residencial,Bogota,232,422.682,65.522
956.14,Industrial,Cali,225,1681.846,223.396
117.845,Remodelacion,Bogota,78,127.452,30.245
3948.539,Remodelacion,Cali,67,3839.223,843.46
3178.408,Residencial,Barranquilla,251,3600.042,557.369
3546.869,Remodelacion,Rural,249,3481.827,751.545
1183.965,Industrial,Barranquilla,335,2108.633,277.486
2899.882,Industrial,Cali,200,4514.535,690.441
327.914,Industrial,Cali,335,617.576,83.273
2022.582,Remodelacion,Medellin,245,2240.643,513.976
229.587,Industrial,Cali,211,388.37,61.39
1012.809,Industrial,Bogota,317,2107.987,269.732
1477.273,Comercial,Medellin,279,2345.906,318.827
691.697,Comercial,Bogota,159,1094.878,154.418
2188.008,Residencial,Bogota,311,3319.726,508.96
992.437,Remodelacion,Bogota,413,1283.95,295.787
1898.131,Comercial,Rural,253,2510.307,377.075
994.996,Comercial,Rural,228,1334.838,191.117
164.652,Remodelacion,Cali,455,187.424,40.66
2854.844,Industrial,Medellin,61,4772.968,654.947
3285.648,Industrial,Cali,184,5331.413,727.288
294.834,Industrial,Barranquilla,231,458.728,66.185
1289.367,Industrial,Medellin,236,2118.303,302.658
2504.88,Residencial,Rural,299,2934.131,416.55
647.613,Comercial,Cali,371,1004.437,159.075
2071.629,Comercial,Cali,299,3365.978,457.656
230.332,Remodelacion,Bogota,387,282.214,67.8
3248.264,Industrial,Rural,254,5211.228,776.577
84.033,Residencial,Barranquilla,155,94.709,16.073
1946.753,Residencial,Bogota,233,2487.64,382.684
2261.276,Comercial,Medellin,374,4144.171,558.794
2565.283,Industrial,Rural,353,4218.491,584.782
3936.621,Remodelacion,Barranquilla,49,3700.6,728.107
907.425,Industrial,Barranquilla,393,1726.58,261.796
859.885,Residencial,Rural,320,943.309,157.678
2088.338,Industrial,Barranquilla,437,3748.897,522.533
1821.46,Residencial,Barranquilla,77,2076.693,341.868
2781.899,Comercial,Rural,252,3779.615,559.882
351.734,Comercial,Cali,473,586.74,85.219
1818.864,Remodelacion,Cali,231,1891.929,439.172
3223.062,Remodelacion,Cali,248,3196.311,802.013
2009.131,Residencial,Cali,303,2587.915,422.512
1619.235,Residencial,Barranquilla,360,1949.596,324.683
373.952,Industrial,Rural,143,554.523,84.783
273.547,Industrial,Medellin,75,432.811,64.938
2169.915,Remodelacion,Cali,434,2440.867,599.195
1368.653,Residencial,Bogota,471,1938.039,311.576
266.39,Comercial,Rural,322,394.52,50.272
3154.522,Industrial,Barranquilla,58,4596.452,752.548
3272.335,Industrial,Cali,424,6145.137,935.984
2005.03,Comercial,Barranquilla,65,2494.18,388.328
1146.764,Comercial,Barranquilla,427,1878.931,285.671
1551.298,Residencial,Barranquilla,331,1865.473,284.536
3611.595,Comercial,Rural,107,4493.696,684.21
3429.487,Comercial,Barranquilla,303,4965.543,782.081
1910.724,Comercial,Barranquilla,207,2789.657,401.94
2472.888,Remodelacion,Medellin,103,2389.014,506.783
1523.936,Remodelacion,Medellin,345,1799.975,370.24
699.58,Residencial,Medellin,160,906.111,121.955
2933.813,Comercial,Bogota,420,5256.091,775.711
52.588,Industrial,Cali,475,101.125,16.227
689.07,Remodelacion,Barranquilla,48,574.533,133.621
2896.098,Industrial,Bogota,413,6342.533,868.491
1796.461,Residencial,Barranquilla,179,2049.724,358.945
1850.397,Residencial,Cali,353,2477.335,355.283
2363.323,Industrial,Barranquilla,371,4049.081,650.459
2712.041,Comercial,Cali,184,4016.798,584.992
2617.539,Residencial,Bogota,55,3170.01,479.692
64.848,Remodelacion,Cali,300,68.783,14.278
3485.179,Industrial,Medellin,235,6185.139,861.392
1883.023,Comercial,Medellin,222,2933.422,396.933
2138.11,Remodelacion,Cali,164,2003.424,469.258
3787.688,Residencial,Barranquilla,32,4075.928,618.249
3465.979,Comercial,Cali,123,5071.495,732.546
2760.008,Remodelacion,Medellin,307,3283.93,692.193
2006.637,Residencial,Rural,131,2215.236,307.269
1723.098,Residencial,Barranquilla,370,2238.916,358.528
2869.794,Industrial,Barranquilla,48,4349.761,614.293
1978.138,Remodelacion,Rural,421,2112.236,428.179
2650.511,Residencial,Barranquilla,250,3315.163,505.38
3989.451,Remodelacion,Bogota,29,4182.173,993.941
2311.443,Industrial,Bogota,250,4456.913,644.275
2862.353,Residencial,Rural,461,3619.837,511.892
447.43,Industrial,Medellin,470,850.761,119.488
2258.593,Industrial,Barranquilla,343,4068.326,605.449
1535.342,Remodelacion,Cali,80,1495.702,334.95
2261.58,Industrial,Rural,351,3755.051,601.095
604.579,Remodelacion,Medellin,238,613.91,145.617
1299.322,Industrial,Barranquilla,342,2270.411,312.888
770.019,Residencial,Barranquilla,26,794.893,121.3
1510.548,Remodelacion,Bogota,271,1656.09,408.045
140.509,Industrial,Medellin,107,224.967,36.215
614.604,Comercial,Bogota,182,1052.09,130.174
3239.799,Residencial,Cali,66,3462.939,611.542
3667.372,Industrial,Cali,172,6424.238,932.605
3483.348,Industrial,Medellin,335,6369.85,978.582
3354.485,Industrial,Rural,280,5309.713,799.385
684.656,Residencial,Medellin,442,981.448,137.648
3967.336,Remodelacion,Bogota,307,4505.383,1028.526
2909.143,Comercial,Cali,130,4219.007,576.109
616.969,Industrial,Barranquilla,291,1033.77,167.288
2338.14,Comercial,Bogota,258,3990.808,526.455
1145.778,Residencial,Barranquilla,428,1632.662,227.701
2339.243,Remodelacion,Bogota,256,2634.918,558.94
2284.164,Residencial,Medellin,415,3433.844,459.651
553.998,Industrial,Rural,213,838.009,131.743
3776.152,Industrial,Rural,227,5684.759,791.476
3924.323,Comercial,Medellin,453,6839.116,1056.004
2958.868,Remodelacion,Medellin,125,3033.822,686.836
1318.926,Industrial,Medellin,258,2181.127,318.398
2045.794,Industrial,Cali,459,3884.33,623.19
1110.559,Remodelacion,Rural,426,1252.952,251.904
1821.309,Residencial,Barranquilla,32,1910.573,329.346
3203.084,Industrial,Rural,194,4557.201,663.674
2983.579,Remodelacion,Rural,174,2533.516,645.329
1600.827,Comercial,Cali,355,2794.135,370.09
2391.174,Residencial,Bogota,202,3232.536,499.555
594.695,Remodelacion,Rural,467,669.031,142.298
3887.673,Comercial,Bogota,246,6802.367,898.732
748.494,Residencial,Cali,192,844.302,140.684
3919.817,Remodelacion,Barranquilla,35,3477.706,797.399
3246.613,Industrial,Bogota,40,5319.179,807.027
3130.509,Comercial,Rural,209,4093.746,570.736
959.815,Remodelacion,Bogota,208,1054.13,256.643
2772.169,Remodelacion,Barranquilla,91,2579.519,617.337
102.331,Residencial,Rural,295,116.14,19.491
2892.596,Residencial,Medellin,190,3356.103,515.372
1394.051,Remodelacion,Rural,291,1405.596,292.678
1787.888,Remodelacion,Rural,171,1527.393,360.634
1483.69,Industrial,Cali,463,2802.867,425.073
3277.073,Industrial,Bogota,189,5535.506,835.751
2784.698,Residencial,Rural,121,2962.305,426.643
3628.342,Remodelacion,Barranquilla,49,3030.603,731.803
3750.878,Residencial,Bogota,197,5088.638,827.805
3714.044,Industrial,Bogota,192,6508.87,1076.094
680.986,Remodelacion,Barranquilla,377,755.68,166.712
3537.902,Remodelacion,Rural,317,3725.7,785.674
1358.367,Residencial,Bogota,368,1948.592,296.84
3325.892,Comercial,Cali,82,4231.05,614.293
1599.099,Comercial,Rural,200,2149.821,294.41
586.135,Comercial,Rural,83,685.024,113.406
1496.262,Residencial,Medellin,66,1605.748,250.327
2162.318,Comercial,Medellin,325,3338.475,498.767
2831.529,Residencial,Medellin,386,3929.316,666.408
1406.492,Residencial,Barranquilla,259,1667.945,249.055
2283.061,Comercial,Cali,277,3560.104,503.141
2328.749,Residencial,Bogota,84,2788.163,437.519
3874.514,Industrial,Bogota,207,7273.659,1108.676
185.874,Industrial,Medellin,226,336.203,45.964
338.059,Comercial,Barranquilla,28,460.122,56.626
859.287,Remodelacion,Barranquilla,108,806.965,188.661
2262.05,Remodelacion,Barranquilla,308,2233.849,571.649
1326.867,Industrial,Barranquilla,466,2658.143,390.286
3252.828,Remodelacion,Cali,475,3840.058,876.197
2960.954,Residencial,Rural,140,3085.971,462.033
3223.155,Industrial,Cali,82,5310.979,747.645
2200.253,Remodelacion,Bogota,217,2621.725,571.414
3830.166,Comercial,Barranquilla,262,5448.248,747.616
1971.988,Residencial,Cali,459,2595.455,456.486
2417.619,Residencial,Medellin,64,2710.032,432.438
3552.491,Comercial,Cali,302,5904.941,785.001
1814.111,Residencial,Barranquilla,131,1998.884,294.933
2509.066,Comercial,Bogota,390,4266.792,583.287
57.133,Residencial,Rural,333,70.124,10.339
2621.935,Remodelacion,Medellin,274,2894.189,671.11
724.202,Comercial,Medellin,376,1248.728,173.315
546.166,Comercial,Cali,75,697.609,115.096
1969.989,Residencial,Barranquilla,232,2279.569,396.328
3053.693,Remodelacion,Bogota,155,3098.424,709.509
1714.32,Residencial,Cali,73,2014.584,330.561
714.322,Remodelacion,Barranquilla,443,758.939,197.481
2920.587,Remodelacion,Rural,270,2893.023,653.215
1954.836,Remodelacion,Bogota,47,1878.061,452.089
2787.747,Residencial,Cali,263,3604.382,572.187
2131.153,Remodelacion,Medellin,57,1987.858,448.069
112.261,Residencial,Medellin,301,157.901,21.811
1142.148,Industrial,Bogota,345,2378.092,334.455
3944.665,Residencial,Bogota,247,5602.043,797.144
473.259,Comercial,Bogota,20,681.435,103.529
1860.631,Industrial,Bogota,440,3868.662,537.395
2475.067,Industrial,Cali,250,4264.895,646.386
1263.987,Remodelacion,Rural,456,1413.914,306.633
1414.5,Remodelacion,Cali,34,1289.501,296.383
2505.776,Residencial,Bogota,90,3297.709,540.911
1320.361,Residencial,Cali,299,1573.424,253.324
342.342,Comercial,Bogota,475,616.169,83.249
3951.301,Comercial,Barranquilla,228,5563.054,891.071
1108.018,Residencial,Cali,198,1347.37,206.828
1292.275,Comercial,Bogota,263,2132.828,299.053
514.844,Comercial,Barranquilla,253,735.113,108.342
330.463,Industrial,Barranquilla,309,610.365,83.103
1813.769,Comercial,Rural,188,2264.637,312.434
3546.375,Residencial,Rural,79,3776.789,607.847
1644.474,Remodelacion,Medellin,90,1552.931,380.616
853.59,Industrial,Bogota,396,1866.932,263.975
1666.305,Comercial,Medellin,104,2369.435,340.118
893.761,Industrial,Medellin,96,1545.417,206.453
2190.153,Remodelacion,Medellin,39,2114.148,435.142
2052.338,Remodelacion,Cali,418,2205.862,494.976
589.541,Remodelacion,Cali,479,690.765,149.004
1389.713,Industrial,Cali,140,2388.107,334.886
3019.039,Industrial,Barranquilla,188,5213.609,686.187
2101.057,Residencial,Rural,53,2108.173,323.321
1367.902,Residencial,Rural,458,1672.266,290.423
232.94,Industrial,Medellin,49,337.888,54.12
320.539,Residencial,Medellin,463,484.642,69.358
3222.167,Comercial,Rural,398,4748.213,739.471
1334.179,Residencial,Bogota,176,1684.574,295.557
999.468,Residencial,Medellin,52,1148.797,171.725
1700.634,Comercial,Medellin,301,2661.137,381.225
770.013,Industrial,Barranquilla,174,1195.453,190.372
116.863,Industrial,Cali,336,203.199,29.849
1411.607,Industrial,Rural,462,2547.358,338.807
3206.67,Industrial,Bogota,257,6424.865,985.56
619.213,Residencial,Cali,462,862.557,132.396
3959.708,Residencial,Bogota,288,5610.619,886.433
1152.98,Remodelacion,Rural,195,1030.091,252.354
1815.501,Industrial,Barranquilla,471,3588.183,468.091
1548.185,Comercial,Barranquilla,89,2204.449,297.029
877.663,Industrial,Rural,334,1373.579,202.971
601.913,Residencial,Bogota,469,953.494,132.396
1068.309,Remodelacion,Rural,146,980.185,220.825
1296.111,Comercial,Medellin,208,1870.247,268.359
743.985,Residencial,Medellin,205,933.029,134.525
2713.107,Remodelacion,Medellin,280,2926.648,730.445
2949.475,Industrial,Rural,276,4499.34,657.638
3113.851,Comercial,Rural,351,4787.704,700.123
1114.934,Residencial,Barranquilla,78,1264.764,189
481.649,Remodelacion,Barranquilla,295,505.92,102.089
83.268,Industrial,Cali,445,154.688,24.927
2808.188,Industrial,Medellin,438,5609.603,743.552
3322.553,Remodelacion,Bogota,79,3504.206,793.608
1666.33,Comercial,Cali,167,2281.73,338.844
1266.055,Industrial,Bogota,472,2705.179,401.296
1474.354,Residencial,Bogota,380,2171.366,339.04
3140.192,Remodelacion,Bogota,477,3799.417,822.49
2270.055,Comercial,Cali,339,3547.808,465.35
879.503,Remodelacion,Bogota,24,830.759,181.375
2315.013,Industrial,Barranquilla,22,3419.626,529.631
3435.061,Industrial,Medellin,400,6728.325,955.428
3948.819,Residencial,Medellin,333,5148.938,879.928
1708.615,Comercial,Cali,213,2664.635,377.609
3626.835,Industrial,Medellin,447,7549.275,1046.141
1612.22,Comercial,Rural,42,1879.85,299.864
3570.908,Remodelacion,Medellin,212,3555.228,814.854
3143.808,Industrial,Rural,95,4613.232,632.982
3438.56,Industrial,Barranquilla,198,5683.627,873.805
2437.301,Residencial,Rural,405,2793.536,515.69
2039.91,Remodelacion,Rural,375,2064.829,435.582
1840.662,Remodelacion,Rural,185,1760.803,383.845
2201.838,Residencial,Medellin,81,2570.618,365.749
3821.283,Industrial,Rural,477,6346.987,938.273
3333.464,Residencial,Barranquilla,101,3612.734,532.955
3688.161,Residencial,Barranquilla,128,4376.615,619.382
1473.001,Residencial,Medellin,305,2002.071,322.788
1681.161,Comercial,Barranquilla,52,2344.296,320.661
1980.545,Comercial,Cali,439,3589.192,453.145
395.146,Industrial,Rural,343,700.355,94.239
1737.903,Comercial,Cali,380,2844.585,416.388
3552.61,Comercial,Bogota,52,5526.119,770.117
2865.086,Comercial,Bogota,83,4418.508,626.348
2014.132,Remodelacion,Bogota,103,2176.833,524.081
2162.124,Residencial,Bogota,168,2626.982,435.823
1437.929,Industrial,Bogota,428,2873.272,434.152
1132.941,Industrial,Bogota,22,1758.837,279.83
1983.766,Comercial,Barranquilla,430,3146.601,460.679
1317.063,Remodelacion,Rural,149,1120.836,248.53
1022.122,Residencial,Cali,259,1208.777,196.944
2273.363,Industrial,Bogota,337,4698.604,613.315
2224.264,Remodelacion,Bogota,297,2787.791,641.228
2078.443,Comercial,Cali,313,3406.433,438.165
1106.282,Industrial,Rural,306,1649.52,246.989
1902.048,Residencial,Cali,431,2644.88,441.626
3363.627,Remodelacion,Medellin,309,3733.742,861.009
1489.134,Remodelacion,Barranquilla,291,1519.711,339.479
1638.055,Industrial,Bogota,471,3674.757,533.524
2416.1,Industrial,Cali,169,3785.751,596.54
2490.116,Remodelacion,Cali,466,2802.41,667.013
